{"cameraMode":{"drawMode":0,"name":"Shaded","section":"Shading Mode"},"sceneLighting":true,"audioPlay":false,"sceneViewState":{"m_AlwaysRefresh":false,"showFog":true,"showSkybox":true,"showFlares":true,"showImageEffects":true,"showParticleSystems":true,"showVisualEffectGraphs":true,"m_FxEnabled":true},"in2DMode":false,"pivot":{"x":7.012323379516602,"y":1.3296623229980469,"z":2.3177618980407717},"rotation":{"x":0.044240351766347888,"y":-0.9508800506591797,"z":0.260410875082016,"w":0.1615523397922516},"size":11.295635223388672,"orthographic":false}