{"cameraMode":{"drawMode":0,"name":"Shaded","section":"Shading Mode"},"sceneLighting":true,"audioPlay":false,"sceneViewState":{"m_AlwaysRefresh":false,"showFog":true,"showSkybox":true,"showFlares":true,"showImageEffects":true,"showParticleSystems":true,"showVisualEffectGraphs":true,"m_FxEnabled":true},"in2DMode":false,"pivot":{"x":2.1201698780059816,"y":0.011398404836654663,"z":-4.023769378662109},"rotation":{"x":-0.03942094370722771,"y":0.9345905184745789,"z":-0.33619028329849245,"w":-0.10955939441919327},"size":10.916141510009766,"orthographic":false}